{
    "items":[
        {
            "type":"tshirt",
            "gender":"남성",
            "size":"large",
            "color":"pink",
            "image":"images/pink_t.png"
        },
        {
            "type":"tshirt",
            "gender":"여성",
            "size":"middle",
            "color":"yellow",
            "image":"images/yellow_t.png"
        },
        {
            "type":"pants",
            "gender":"남성",
            "size":"large",
            "color":"blue",
            "image":"images/blue_p.png"
        },
        {
            "type":"skirt",
            "gender":"여성",
            "size":"small",
            "color":"pink",
            "image":"images/pink_s.png"
        },
        {
            "type":"tshirt",
            "gender":"남성",
            "size":"large",
            "color":"blue",
            "image":"images/blue_t.png"
        },
        {
            "type":"tshirt",
            "gender":"남성",
            "size":"large",
            "color":"yellow",
            "image":"images/yellow_t.png"
        },
        {
            "type":"skirt",
            "gender":"여성",
            "size":"large",
            "color":"yellow",
            "image":"images/yellow_s.png"
        },
        {
            "type":"pants",
            "gender":"여성",
            "size":"large",
            "color":"pink",
            "image":"images/pink_p.png"
        },
        {
            "type":"pants",
            "gender":"남성",
            "size":"large",
            "color":"yellow",
            "image":"images/yellow_p.png"
        },
        {
            "type":"skirt",
            "gender":"여성",
            "size":"large",
            "color":"pink",
            "image":"images/pink_s.png"
        }
    ]
}